id,conversation_id,created_at,date,time,timezone,user_id,username,name,place,tweet,language,mentions,urls,photos,replies_count,retweets_count,likes_count,hashtags,cashtags,link,retweet,quote_url,video,thumbnail,near,geo,source,user_rt_id,user_rt,retweet_id,reply_to,retweet_date,translate,trans_src,trans_dest,party
1494863079233839111,1494863079233839111,2022-02-19 08:05:05 IST,2022-02-19,08:05:05,530,811972460560019456,republic,Republic,,AAP reminds BJP of PM Modi's security lapse as Channi blames Kejriwal party's alleged ties with SFJ  https://t.co/Gkc0fjnNaQ,en,[],['https://www.republicworld.com/india-news/politics/aap-reminds-bjp-of-security-lapse-as-channi-blames-kejriwal-partys-alleged-ties-with-sfj-articleshow.html'],[],7,17,54,[],[],https://twitter.com/republic/status/1494863079233839111,False,,0,,,,,,,,[],,,,,aap
1494638020355829766,1494638020355829766,2022-02-18 17:10:47 IST,2022-02-18,17:10:47,530,811972460560019456,republic,Republic,,AAP likens Kejriwal to Bhagat Singh amid Kumar Vishwas' startling claim; 'History repeats'  https://t.co/Z0qU1DWmlH,in,[],['https://www.republicworld.com/elections/punjab/aap-likens-kejriwal-to-bhagat-singh-amid-kumar-vishwas-startling-claim-history-repeats-articleshow.html'],[],7,4,24,[],[],https://twitter.com/republic/status/1494638020355829766,False,,0,,,,,,,,[],,,,,aap
1494358124958216193,1494358124958216193,2022-02-17 22:38:35 IST,2022-02-17,22:38:35,530,811972460560019456,republic,Republic,,Kejriwal affirms 'people's love will defeat conspiracies' amid tension with Kumar Vishwas  https://t.co/tSo6Z8EMjh,en,[],['https://www.republicworld.com/elections/punjab/kejriwal-affirms-peoples-love-will-defeat-conspiracies-amid-tension-with-kumar-vishwas-articleshow.html'],[],5,7,32,[],[],https://twitter.com/republic/status/1494358124958216193,False,,0,,,,,,,,[],,,,,aap
1493935441825132548,1493935441825132548,2022-02-16 18:38:59 IST,2022-02-16,18:38:59,530,811972460560019456,republic,Republic,,AAP claims Kumar Vishwas used 'forged' video against Kejriwal; 'Intention to defame'  https://t.co/hzjoSIh59v,en,[],['https://www.republicworld.com/india-news/politics/aap-claims-kumar-vishwas-used-forged-video-against-kejriwal-intention-to-defame-articleshow.html'],[],13,13,46,[],[],https://twitter.com/republic/status/1493935441825132548,False,,0,,,,,,,,[],,,,,aap
1493870698279755777,1493870698279755777,2022-02-16 14:21:43 IST,2022-02-16,14:21:43,530,811972460560019456,republic,Republic,,Kejriwal once said he would become CM or '1st PM of independent Khalistan': Kumar Vishwas  https://t.co/PrZmbgLvNi,en,[],['https://www.republicworld.com/elections/punjab/kejriwal-once-said-he-would-become-cm-or-1st-pm-of-independent-khalistan-kumar-vishwas-articleshow.html'],[],26,194,477,[],[],https://twitter.com/republic/status/1493870698279755777,False,,0,,,,,,,,[],,,,,aap
1493504365671288832,1493504365671288832,2022-02-15 14:06:03 IST,2022-02-15,14:06:03,530,811972460560019456,republic,Republic,,"AAP alleges SAD-Congress 'match-fixing'; predicts loss of Sidhu, Majithia in Amritsar East  https://t.co/BN8gouGOZw",en,[],['https://www.republicworld.com/elections/punjab/aap-alleges-sad-congress-match-fixing-predicts-loss-of-sidhu-majithia-in-amritsar-east-articleshow.html'],[],0,1,17,[],[],https://twitter.com/republic/status/1493504365671288832,False,,0,,,,,,,,[],,,,,aap
1493168553562087429,1493168553562087429,2022-02-14 15:51:39 IST,2022-02-14,15:51:39,530,811972460560019456,republic,Republic,,AAP gave tickets to many candidates with criminal background: Charanjit Channi  https://t.co/zxhIYO6XJ3,en,[],['https://www.republicworld.com/elections/punjab/aap-gave-tickets-to-many-candidates-with-criminal-background-charanjit-channi-articleshow.html'],[],4,1,16,[],[],https://twitter.com/republic/status/1493168553562087429,False,,0,,,,,,,,[],,,,,aap
1493133742797627393,1493133742797627393,2022-02-14 13:33:20 IST,2022-02-14,13:33:20,530,811972460560019456,republic,Republic,,Kejriwal mocks Priyanka Gandhi's 'AAP born from RSS' claim; 'Congress will keep crying'  https://t.co/vEygeKVV3F,in,[],['https://www.republicworld.com/elections/uttar-pradesh/kejriwal-mocks-priyanka-gandhis-aap-born-from-rss-claim-congress-will-keep-crying-articleshow.html'],[],2,4,17,[],[],https://twitter.com/republic/status/1493133742797627393,False,,0,,,,,,,,[],,,,,aap
1491281605218177025,1491281605218177025,2022-02-09 10:53:36 IST,2022-02-09,10:53:36,530,811972460560019456,republic,Republic,,"AAP MP hits out at Yogi Adityanath over spat with Kejriwal, 'Is it a language of CM?'  https://t.co/GNIP3mrNbr",in,[],['https://www.republicworld.com/elections/uttar-pradesh/aap-mp-hits-out-at-yogi-adityanath-over-spat-with-kejriwal-is-it-a-language-of-cm-articleshow.html'],[],8,2,10,[],[],https://twitter.com/republic/status/1491281605218177025,False,,0,,,,,,,,[],,,,,aap
1490743755628244993,1490743755628244993,2022-02-07 23:16:22 IST,2022-02-07,23:16:22,530,811972460560019456,republic,Republic,,AAP MP Sanjay Singh calls BJP 'Bharatiya Jhagda Party'; says 'AAP has agenda others don't'  https://t.co/uH3XftPFek,tl,[],['https://www.republicworld.com/elections/uttar-pradesh/aap-mp-sanjay-singh-calls-bjp-bharatiya-jhagda-party-says-aap-has-agenda-others-dont-articleshow.html'],[],28,1,24,[],[],https://twitter.com/republic/status/1490743755628244993,False,,0,,,,,,,,[],,,,,aap
1490304944016359428,1490304944016359428,2022-02-06 18:12:41 IST,2022-02-06,18:12:41,530,811972460560019456,republic,Republic,,AAP congratulates Charanjit Channi on being Cong's Punjab CM face with a ‘sand thief’ meme  https://t.co/YZS7PdYWpJ,en,[],['https://www.republicworld.com/elections/punjab/aap-congratulates-charanjit-channi-on-being-congs-punjab-cm-face-with-a-sand-thief-meme-articleshow.html'],[],0,2,22,[],[],https://twitter.com/republic/status/1490304944016359428,False,,0,,,,,,,,[],,,,,aap
1490157711027150849,1490157711027150849,2022-02-06 08:27:38 IST,2022-02-06,08:27:38,530,811972460560019456,republic,Republic,,AAP MP Sanjay Singh counters Yogi's '80:20' quip: 'Hathras victim &amp; teachers in 20%?'  https://t.co/4QpkEDyxgN,en,[],['https://www.republicworld.com/elections/uttar-pradesh/aap-mp-sanjay-singh-counters-yogis-8020-quip-hathras-victim-and-teachers-in-20-percent-articleshow.html'],[],13,1,12,[],[],https://twitter.com/republic/status/1490157711027150849,False,,0,,,,,,,,[],,,,,aap
1489905814051897346,1489905814051897346,2022-02-05 15:46:41 IST,2022-02-05,15:46:41,530,811972460560019456,republic,Republic,,"AAP hits back at BJP, claims 'collection from liquor stores will be used for development'  https://t.co/KCdgloBw5F",en,[],['https://www.republicworld.com/elections/punjab/aap-hits-back-at-bjp-claims-collection-from-liquor-stores-will-be-used-for-development-articleshow.html'],[],11,1,19,[],[],https://twitter.com/republic/status/1489905814051897346,False,,0,,,,,,,,[],,,,,aap
1489082204328464385,1489082204328464385,2022-02-03 09:13:57 IST,2022-02-03,09:13:57,530,811972460560019456,republic,Republic,,AAP MP Sanjay Singh promises to 'jail dishonest BJP leaders' if voted to power in UP  https://t.co/c6lly0p1TT,en,[],['https://www.republicworld.com/elections/punjab/aap-mp-sanjay-singh-promises-to-jail-dishonest-bjp-leaders-if-voted-to-power-in-up-articleshow.html'],[],68,6,33,[],[],https://twitter.com/republic/status/1489082204328464385,False,,0,,,,,,,,[],,,,,aap
1488841571449520133,1488841571449520133,2022-02-02 17:17:46 IST,2022-02-02,17:17:46,530,811972460560019456,republic,Republic,,Kejriwal claims conspiracy in Goa; 'Not voting for AAP is indirectly polling for BJP'  https://t.co/AUWxWiuWlk,en,[],['https://www.republicworld.com/elections/goa/kejriwal-claims-conspiracy-in-goa-not-voting-for-aap-is-indirectly-polling-for-bjp-articleshow.html'],[],7,3,16,[],[],https://twitter.com/republic/status/1488841571449520133,False,,0,,,,,,,,[],,,,,aap
1487705848809885696,1487705848809885696,2022-01-30 14:04:49 IST,2022-01-30,14:04:49,530,811972460560019456,republic,Republic,,Kejriwal makes poll vow to install Ambedkar &amp; Bhagat Singh's photos in Punjab govt offices  https://t.co/9Q3BDhZxTl,in,[],['https://www.republicworld.com/elections/punjab/kejriwal-makes-poll-vow-to-install-ambedkar-and-bhagat-singhs-photos-in-punjab-govt-offices-articleshow.html'],[],7,2,22,[],[],https://twitter.com/republic/status/1487705848809885696,False,,0,,,,,,,,[],,,,,aap
1486381923727552515,1486381923727552515,2022-01-26 22:24:00 IST,2022-01-26,22:24:00,530,811972460560019456,republic,Republic,,AAP lauds CM Channi's 'masterstroke' as Bikram Majithia &amp; Sidhu face off in Amritsar East  https://t.co/5hW8fUjcpU,en,[],['https://www.republicworld.com/elections/punjab/aap-lauds-cm-channis-masterstroke-as-bikram-majithia-and-sidhu-face-off-in-amritsar-east-articleshow.html'],[],4,4,19,[],[],https://twitter.com/republic/status/1486381923727552515,False,,0,,,,,,,,[],,,,,aap
1485805356315983873,1485805356315983873,2022-01-25 08:12:56 IST,2022-01-25,08:12:56,530,811972460560019456,republic,Republic,,"AAP Govt will prepare Punjab budget after seeking people's views, says Kejriwal  https://t.co/XuiYgW34GF",en,[],['https://www.republicworld.com/elections/punjab/aap-govt-will-prepare-punjab-budget-after-seeking-peoples-views-says-kejriwal-articleshow.html'],[],36,2,35,[],[],https://twitter.com/republic/status/1485805356315983873,False,,0,,,,,,,,[],,,,,aap
1485166359558430720,1485166359558430720,2022-01-23 13:53:47 IST,2022-01-23,13:53:47,530,811972460560019456,republic,Republic,,Kejriwal claims 'Satyendar Jain may be arrested by ED soon'; adds 'Won't cry like Channi'  https://t.co/ZeRSppSInz,en,[],['https://www.republicworld.com/elections/punjab/kejriwal-claims-satyendar-jain-may-be-arrested-by-ed-soon-adds-wont-cry-like-channi-articleshow.html'],[],22,6,44,[],[],https://twitter.com/republic/status/1485166359558430720,False,,0,,,,,,,,[],,,,,aap
1483697392251719682,1483697392251719682,2022-01-19 12:36:38 IST,2022-01-19,12:36:38,530,811972460560019456,republic,Republic,,AAP fields Amit Palekar as Goa CM face; Kejriwal claims 'fresh face to cleanse politics'  https://t.co/9u5drluClU,in,[],['https://www.republicworld.com/elections/goa/aap-fields-amit-palekar-as-goa-cm-face-kejriwal-claims-fresh-face-to-cleanse-politics-articleshow.html'],[],0,0,15,[],[],https://twitter.com/republic/status/1483697392251719682,False,,0,,,,,,,,[],,,,,aap
1483327254511951873,1483327254511951873,2022-01-18 12:05:51 IST,2022-01-18,12:05:51,530,811972460560019456,republic,Republic,,AAP moves Punjab &amp; Haryana HC challenging Sarabjit Kaur's election as Chandigarh Mayor  https://t.co/My8z4YKlFH,in,[],['https://www.republicworld.com/india-news/politics/aap-moves-punjab-and-haryana-hc-challenging-sarabjit-kaurs-election-as-chandigarh-mayor-articleshow.html'],[],5,5,26,[],[],https://twitter.com/republic/status/1483327254511951873,False,,0,,,,,,,,[],,,,,aap
1482989490364952577,1482989490364952577,2022-01-17 13:43:41 IST,2022-01-17,13:43:41,530,811972460560019456,republic,Republic,,AAP to announce Punjab CM face tomorrow at 12 pm; chorus grows for Bhagwant Mann's name  https://t.co/l9bGe7n6ch,en,[],['https://www.republicworld.com/elections/punjab/aap-to-announce-punjab-cm-face-tomorrow-at-12-pm-chorus-grows-for-bhagwant-manns-name-articleshow.html'],[],1,1,16,[],[],https://twitter.com/republic/status/1482989490364952577,False,,0,,,,,,,,[],,,,,aap
1482981853426589705,1482981853426589705,2022-01-17 13:13:20 IST,2022-01-17,13:13:20,530,811972460560019456,republic,Republic,,Kejriwal trades barbs with Congress ahead of Goa polls; says their votes will benefit BJP  https://t.co/uT2kXdpW02,en,[],['https://www.republicworld.com/elections/goa/kejriwal-trades-barbs-with-congress-ahead-of-goa-polls-says-their-votes-will-benefit-bjp-articleshow.html'],[],1,5,21,[],[],https://twitter.com/republic/status/1482981853426589705,False,,0,,,,,,,,[],,,,,aap
1482968618958741504,1482968618958741504,2022-01-17 12:20:45 IST,2022-01-17,12:20:45,530,811972460560019456,republic,Republic,,"AAP follows cue of BJP, Congress; urges ECI to postpone polls due to Ravidas Jayanti  https://t.co/RzQdbEsUiX",en,[],['https://www.republicworld.com/elections/punjab/aap-follows-cue-of-bjp-congress-urges-eci-to-postpone-polls-due-to-ravidas-jayanti-articleshow.html'],[],0,0,22,[],[],https://twitter.com/republic/status/1482968618958741504,False,,0,,,,,,,,[],,,,,aap
1482920034720698379,1482920034720698379,2022-01-17 09:07:42 IST,2022-01-17,09:07:42,530,811972460560019456,republic,Republic,,AAP sends feelers to Manohar Parrikar's son amid struggle to get BJP ticket for Goa polls  https://t.co/10RKLLWKqD,en,[],['https://www.republicworld.com/elections/goa/aap-sends-feelers-to-manohar-parrikars-son-amid-struggle-to-get-bjp-ticket-for-goa-polls-articleshow.html'],[],1,1,15,[],[],https://twitter.com/republic/status/1482920034720698379,False,,0,,,,,,,,[],,,,,aap
1482657386217230336,1482657386217230336,2022-01-16 15:44:01 IST,2022-01-16,15:44:01,530,811972460560019456,republic,Republic,,Kejriwal slams Sanjay Raut over 'AAP campaign' remark; 'Should handle his own party'  https://t.co/mlGDd4IzTv,en,[],['https://www.republicworld.com/india-news/politics/kejriwal-slams-sanjay-raut-over-aap-campaign-remark-should-handle-his-own-party-articleshow.html'],[],4,8,68,[],[],https://twitter.com/republic/status/1482657386217230336,False,,0,,,,,,,,[],,,,,aap
1481950408201457668,1481950408201457668,2022-01-14 16:54:45 IST,2022-01-14,16:54:45,530,811972460560019456,republic,Republic,,AAP alleges BJP tried to stop ‘Desh Ke Mentor’ programme by filing complaint with NCPCR  https://t.co/cD6DYsimxl,en,[],['https://www.republicworld.com/india-news/politics/aap-alleges-bjp-tried-to-stop-desh-ke-mentor-programme-by-filing-complaint-with-ncpcr-articleshow.html'],[],7,4,18,[],[],https://twitter.com/republic/status/1481950408201457668,False,,0,,,,,,,,[],,,,,aap
1481298313282527236,1481298313282527236,2022-01-12 21:43:33 IST,2022-01-12,21:43:33,530,811972460560019456,republic,Republic,,AAP accuses BJP-ruled SDMC of colluding with 'private mafia' to destroy Delhi's heritage  https://t.co/4WiOTXDXuY,en,[],['https://www.republicworld.com/india-news/politics/aap-accuses-bjp-ruled-sdmc-of-colluding-with-private-mafia-to-destroy-delhis-heritage-articleshow.html'],[],2,2,5,[],[],https://twitter.com/republic/status/1481298313282527236,False,,0,,,,,,,,[],,,,,aap
1479100428109320195,1479100428109320195,2022-01-06 20:09:57 IST,2022-01-06,20:09:57,530,811972460560019456,republic,Republic,,AAP cancels rallies in poll-bound Uttar Pradesh amid rise in COVID cases  https://t.co/jogdozXId6,en,[],['https://www.republicworld.com/elections/punjab/aap-cancels-rallies-in-poll-bound-uttar-pradesh-amid-rise-in-covid-cases-articleshow.html'],[],10,2,28,[],[],https://twitter.com/republic/status/1479100428109320195,False,,0,,,,,,,,[],,,,,aap
1477822455527923712,1477822455527923712,2022-01-03 07:31:44 IST,2022-01-03,07:31:44,530,811972460560019456,republic,Republic,,AAP bid to bag Chandigarh Mayor's post suffers blow as Congress councillor defects to BJP  https://t.co/LncKVhwHdR,en,[],['https://www.republicworld.com/elections/punjab/aap-bid-to-bag-chandigarh-mayors-post-suffers-blow-as-congress-councillor-defects-to-bjp-articleshow.html'],[],8,15,156,[],[],https://twitter.com/republic/status/1477822455527923712,False,,0,,,,,,,,[],,,,,aap
1477620884731052036,1477620884731052036,2022-01-02 18:10:46 IST,2022-01-02,18:10:46,530,811972460560019456,republic,Republic,,Kejriwal sounds poll bugle in UP; claims God gave AAP 'magic formula' for free electricity  https://t.co/sWNq5f0lYq,en,[],['https://www.republicworld.com/elections/punjab/kejriwal-sounds-poll-bugle-in-up-claims-god-gave-aap-magic-formula-for-free-electricity-articleshow.html'],[],27,2,26,[],[],https://twitter.com/republic/status/1477620884731052036,False,,0,,,,,,,,[],,,,,aap
1477607307865464832,1477607307865464832,2022-01-02 17:16:49 IST,2022-01-02,17:16:49,530,811972460560019456,republic,Republic,,"AAP slams Congress over Majithia's visit to Golden Temple, calls FIR a 'publicity stunt'  https://t.co/A5Z1fnF3iW",en,[],['https://www.republicworld.com/elections/punjab/aap-slams-congress-over-majithias-visit-to-golden-temple-calls-fir-a-publicity-stunt-articleshow.html'],[],12,39,124,[],[],https://twitter.com/republic/status/1477607307865464832,False,,0,,,,,,,,[],,,,,aap
1477283527045570561,1477283527045570561,2022-01-01 19:50:14 IST,2022-01-01,19:50:14,530,811972460560019456,republic,Republic,,Kejriwal vows permanent jobs for temp sanitation workers in Punjab if AAP wins polls  https://t.co/YihqyGbSVV,in,[],['https://www.republicworld.com/elections/punjab/kejriwal-vows-permanent-jobs-for-temp-sanitation-workers-in-punjab-if-aap-wins-polls-articleshow.html'],[],11,4,27,[],[],https://twitter.com/republic/status/1477283527045570561,False,,0,,,,,,,,[],,,,,aap
1476208343043747844,1476208343043747844,2021-12-29 20:37:50 IST,2021-12-29,20:37:50,530,811972460560019456,republic,Republic,,"AAP promises to end political interference with Police, slams Sidhu for 'defaming' police  https://t.co/4sJsfIDFJc",en,[],['https://www.republicworld.com/india-news/politics/aap-promises-to-end-political-interference-with-police-slams-sidhu-for-defaming-police-articleshow.html'],[],5,1,18,[],[],https://twitter.com/republic/status/1476208343043747844,False,,0,,,,,,,,[],,,,,aap
1475743174849142785,1475743174849142785,2021-12-28 13:49:25 IST,2021-12-28,13:49:25,530,811972460560019456,republic,Republic,,AAP &amp; BJP laugh at Congress as its party flag falls while being hoisted; Cong hits back  https://t.co/JSoqujItU5,en,[],['https://www.republicworld.com/india-news/politics/aap-and-bjp-laugh-at-congress-as-its-party-flag-falls-while-being-hoisted-cong-hits-back.html'],[],4,4,38,[],[],https://twitter.com/republic/status/1475743174849142785,False,,0,,,,,,,,[],,,,,aap
1475456603566624774,1475456603566624774,2021-12-27 18:50:41 IST,2021-12-27,18:50:41,530,811972460560019456,republic,Republic,,AAP victory in Chandigarh civic polls sign of ensuing change in Punjab: Arvind Kejriwal  https://t.co/MtE6E5NP4g,in,[],['https://www.republicworld.com/india-news/elections/aap-victory-in-chandigarh-civic-polls-sign-of-ensuing-change-in-punjab-arvind-kejriwal.html'],[],3,0,12,[],[],https://twitter.com/republic/status/1475456603566624774,False,,0,,,,,,,,[],,,,,aap
1473856759714533380,1473856759714533380,2021-12-23 08:53:29 IST,2021-12-23,08:53:29,530,811972460560019456,republic,Republic,,AAP mocks Congress' infighting as Harish Rawat hints at rebellion: 'Fight only for power'  https://t.co/PewDNmytJQ,en,[],['https://www.republicworld.com/india-news/politics/aap-mocks-congress-infighting-as-harish-rawat-hints-at-rebellion-fight-only-for-power.html'],[],1,0,13,[],[],https://twitter.com/republic/status/1473856759714533380,False,,0,,,,,,,,[],,,,,aap
1473550654203469835,1473550654203469835,2021-12-22 12:37:07 IST,2021-12-22,12:37:07,530,811972460560019456,republic,Republic,,AAP vs TMC in Goa polls as Kejriwal fires 'not even 1% vote share' salvo at Mamata's party  https://t.co/2yBCA7EJi5,in,[],['https://www.republicworld.com/elections/goa/aap-vs-tmc-in-goa-polls-as-kejriwal-fires-not-even-1-percent-vote-share-salvo-at-mamatas-party.html'],[],4,1,11,[],[],https://twitter.com/republic/status/1473550654203469835,False,,0,,,,,,,,[],,,,,aap
1472763307312525317,1472763307312525317,2021-12-20 08:28:29 IST,2021-12-20,08:28:29,530,811972460560019456,republic,Republic,,AAP holds 'Berozgar Sansad' in Delhi's Jantar Mantar to formulate employment policy  https://t.co/LfYRgS0vbj,en,[],['https://www.republicworld.com/india-news/politics/aap-holds-berozgar-sansad-in-delhis-jantar-mantar-to-formulate-employment-policy.html'],[],3,1,10,[],[],https://twitter.com/republic/status/1472763307312525317,False,,0,,,,,,,,[],,,,,aap
1472535371544240130,1472535371544240130,2021-12-19 17:22:45 IST,2021-12-19,17:22:45,530,811972460560019456,republic,Republic,,Kejriwal vows Chandigarh will become Asia's most beautiful city if AAP wins Punjab  https://t.co/V9ZLiMUPjX,in,[],['https://www.republicworld.com/elections/punjab/kejriwal-vows-chandigarh-will-become-asias-most-beautiful-city-if-aap-wins-punjab.html'],[],375,24,248,[],[],https://twitter.com/republic/status/1472535371544240130,False,,0,,,,,,,,[],,,,,aap
1471135420813565958,1471135420813565958,2021-12-15 20:39:51 IST,2021-12-15,20:39:51,530,811972460560019456,republic,Republic,,"AAP promises 10 lakh jobs annually, Rs 5,000 monthly allowance to unemployed in UP  https://t.co/dNmHwE4nbe",en,[],['https://www.republicworld.com/elections/uttar-pradesh/aap-promises-10-lakh-jobs-annually-rs-5000-monthly-allowance-to-unemployed-in-up.html'],[],113,4,40,[],[],https://twitter.com/republic/status/1471135420813565958,False,,0,,,,,,,,[],,,,,aap
1471092163563986948,1471092163563986948,2021-12-15 17:47:58 IST,2021-12-15,17:47:58,530,811972460560019456,republic,Republic,,"Kejriwal promises India's biggest sports varsity, int'l airport in Jalandhar if AAP wins  https://t.co/2oo3Mrmnt0",in,[],['https://www.republicworld.com/elections/punjab/kejriwal-promises-indias-biggest-sports-varsity-intl-airport-in-jalandhar-if-aap-wins.html'],[],16,3,27,[],[],https://twitter.com/republic/status/1471092163563986948,False,,0,,,,,,,,[],,,,,aap
1468446183068684289,1468446183068684289,2021-12-08 10:33:47 IST,2021-12-08,10:33:47,530,811972460560019456,republic,Republic,,AAP terms ex-Goa CM Ravi Naik's exit as Congress' 'New year gift' to BJP ahead of polls  https://t.co/gGqMKHZjiU,en,[],['https://www.republicworld.com/elections/goa/aap-terms-ex-goa-cm-ravi-naiks-exit-as-congress-new-year-gift-to-bjp-ahead-of-polls.html'],[],1,2,35,[],[],https://twitter.com/republic/status/1468446183068684289,False,,0,,,,,,,,[],,,,,aap
1468202067395477504,1468202067395477504,2021-12-07 18:23:45 IST,2021-12-07,18:23:45,530,811972460560019456,republic,Republic,,"Kejriwal makes 5 promises to SC community in Punjab; 'free education, heath care &amp; more'   https://t.co/ghc8iIAcsw",in,[],['https://www.republicworld.com/elections/punjab/kejriwal-makes-5-promises-to-sc-community-in-punjab-free-education-heath-care-and-more.html'],[],10,6,26,[],[],https://twitter.com/republic/status/1468202067395477504,False,,0,,,,,,,,[],,,,,aap
1467548573155962889,1467548573155962889,2021-12-05 23:07:00 IST,2021-12-05,23:07:00,530,811972460560019456,republic,Republic,,AAP MP Bhagwant Mann claims 'senior' BJP leader offered him Cabinet rank to switch party  https://t.co/1CBDq9L7CK,en,[],['https://www.republicworld.com/elections/punjab/aap-mp-bhagwant-mann-claims-senior-bjp-leader-offered-him-cabinet-rank-to-switch-party.html'],[],67,7,50,[],[],https://twitter.com/republic/status/1467548573155962889,False,,0,,,,,,,,[],,,,,aap
1465995749641052171,1465995749641052171,2021-12-01 16:16:38 IST,2021-12-01,16:16:38,530,811972460560019456,republic,Republic,,"AAP vs Congress: Sisodia says Channi govt blocked entry into schools, Punjab Cong replies  https://t.co/TUb78WZKSB",en,[],['https://www.republicworld.com/india-news/politics/aap-vs-congress-sisodia-says-channi-govt-blocked-entry-into-schools-punjab-cong-replies.html'],[],2,1,14,[],[],https://twitter.com/republic/status/1465995749641052171,False,,0,,,,,,,,[],,,,,aap
1465352919650287620,1465352919650287620,2021-11-29 21:42:15 IST,2021-11-29,21:42:15,530,811972460560019456,republic,Republic,,AAP MLA Raghav Chadha named 'Most Stylish Politician'; Delhi CM Kejriwal reacts  https://t.co/ygnXEiVvzl,in,[],['https://www.republicworld.com/india-news/politics/aap-mla-raghav-chadha-named-most-stylish-politician-delhi-cm-kejriwal-reacts.html'],[],4,2,22,[],[],https://twitter.com/republic/status/1465352919650287620,False,,0,,,,,,,,[],,,,,aap
1465305957299331072,1465305957299331072,2021-11-29 18:35:38 IST,2021-11-29,18:35:38,530,811972460560019456,republic,Republic,,"Kejriwal hails passage of bill to repeal agrarian laws, congratulates farmers  https://t.co/oVnreJFfY9",en,[],['https://www.republicworld.com/india-news/politics/kejriwal-hails-passage-of-bill-to-repeal-agrarian-laws-congratulates-farmers.html'],[],1,1,10,[],[],https://twitter.com/republic/status/1465305957299331072,False,,0,,,,,,,,[],,,,,aap
1465166062396358666,1465166062396358666,2021-11-29 09:19:45 IST,2021-11-29,09:19:45,530,811972460560019456,republic,Republic,,AAP taunts Uttarakhand CM Pushkar Dhami over Devasthanam board issue: 'Kuch Kar Dhami'  https://t.co/DeV4A3yyNj,hi,[],['https://www.republicworld.com/india-news/politics/aap-taunts-uttarakhand-cm-pushkar-dhami-over-devasthanam-board-issue-kuch-kar-dhami.html'],[],1,0,17,[],[],https://twitter.com/republic/status/1465166062396358666,False,,0,,,,,,,,[],,,,,aap
1465150962302164992,1465150962302164992,2021-11-29 08:19:45 IST,2021-11-29,08:19:45,530,811972460560019456,republic,Republic,,AAP demands legal guarantee for MSP; questions PM Modi's 'U-turn' on 2011 stance  https://t.co/9BXJZmkC17,en,[],['https://www.republicworld.com/india-news/politics/aap-demands-legal-guarantee-for-msp-questions-pm-modis-u-turn-on-2011-stance.html'],[],17,4,26,[],[],https://twitter.com/republic/status/1465150962302164992,False,,0,,,,,,,,[],,,,,aap
1464886085390151680,1464886085390151680,2021-11-28 14:47:13 IST,2021-11-28,14:47:13,530,811972460560019456,republic,Republic,,AAP walks out of all-party meeting; Sanjay Singh complains 'Centre not ready to listen'  https://t.co/BR54nJO31p,en,[],['https://www.republicworld.com/india-news/politics/aap-walks-out-of-all-party-meeting-sanjay-singh-complains-centre-not-ready-to-listen.html'],[],20,1,8,[],[],https://twitter.com/republic/status/1464886085390151680,False,,0,,,,,,,,[],,,,,aap
1464814497198227456,1464814497198227456,2021-11-28 10:02:45 IST,2021-11-28,10:02:45,530,811972460560019456,republic,Republic,,Kejriwal accepts Pargat Singh's challenge; AAP to release rankings of 250 schools today  https://t.co/EIrtFuOTwt,en,[],['https://www.republicworld.com/india-news/politics/kejriwal-accepts-pargat-singhs-challenge-aap-to-release-rankings-of-250-schools-today.html'],[],3,3,24,[],[],https://twitter.com/republic/status/1464814497198227456,False,,0,,,,,,,,[],,,,,aap
1464632189941862404,1464632189941862404,2021-11-27 21:58:20 IST,2021-11-27,21:58:20,530,811972460560019456,republic,Republic,,Kejriwal assures 'son of soil' will be Punjab CM; interrupted by slogans from Mann lobby  https://t.co/CdrvjeSW8N,in,[],['https://www.republicworld.com/india-news/politics/kejriwal-assures-son-of-soil-will-be-punjab-cm-interrupted-by-slogans-from-mann-lobby.html'],[],8,3,29,[],[],https://twitter.com/republic/status/1464632189941862404,False,,0,,,,,,,,[],,,,,aap
1464527867610599425,1464527867610599425,2021-11-27 15:03:47 IST,2021-11-27,15:03:47,530,811972460560019456,republic,Republic,,AAP responds to Yogi Adityanath’s interview with Republic: 'BJP is gangotri of corruption'  https://t.co/OflU3CSkly,en,[],['https://www.republicworld.com/india-news/politics/aap-responds-to-yogi-adityanaths-interview-with-republic-bjp-is-gangotri-of-corruption.html'],[],6,1,11,[],[],https://twitter.com/republic/status/1464527867610599425,False,,0,,,,,,,,[],,,,,aap
1463200249258942465,1463200249258942465,2021-11-23 23:08:19 IST,2021-11-23,23:08:19,530,811972460560019456,republic,Republic,,Kejriwal praises Sidhu's courage to raise people's issues; 'Capt &amp; Channi suppressing him'  https://t.co/RjkXTlJAqx,en,[],['https://www.republicworld.com/india-news/politics/kejriwal-praises-sidhus-courage-to-raise-peoples-issues-capt-and-channi-suppressing-him.html'],[],26,5,40,[],[],https://twitter.com/republic/status/1463200249258942465,False,,0,,,,,,,,[],,,,,aap
1462837780346814466,1462837780346814466,2021-11-22 23:07:59 IST,2021-11-22,23:07:59,530,811972460560019456,republic,Republic,,"Kejriwal eats dinner with auto-rickshaw driver's family, invites him to Delhi; WATCH  https://t.co/mDEJ1LyDZI",en,[],['https://www.republicworld.com/india-news/politics/kejriwal-eats-dinner-with-auto-rickshaw-drivers-family-invites-him-to-delhi-watch.html'],[],19,0,24,[],[],https://twitter.com/republic/status/1462837780346814466,False,,0,,,,,,,,[],,,,,aap
1462801744916889608,1462801744916889608,2021-11-22 20:44:48 IST,2021-11-22,20:44:48,530,811972460560019456,republic,Republic,,Kejriwal gets invited to dinner upon meeting auto drivers in Punjab; 'will certainly go'  https://t.co/mx3HJRDrgp,en,[],['https://www.republicworld.com/india-news/politics/kejriwal-gets-invited-to-dinner-upon-meeting-auto-drivers-in-punjab-will-certainly-go.html'],[],2,1,12,[],[],https://twitter.com/republic/status/1462801744916889608,False,,0,,,,,,,,[],,,,,aap
1462790195032510473,1462790195032510473,2021-11-22 19:58:54 IST,2021-11-22,19:58:54,530,811972460560019456,republic,Republic,,AAP calls Punjab CM Channi 'Nakli Kejriwal'; warns not to vote for him in 2022 polls  https://t.co/Rd0f80DvdX,in,[],['https://www.republicworld.com/india-news/politics/aap-calls-punjab-cm-channi-nakli-kejriwal-warns-not-to-vote-for-him-in-2022-polls.html'],[],5,0,17,[],[],https://twitter.com/republic/status/1462790195032510473,False,,0,,,,,,,,[],,,,,aap
1462732183320342528,1462732183320342528,2021-11-22 16:08:23 IST,2021-11-22,16:08:23,530,811972460560019456,republic,Republic,,Kejriwal promises Rs 1000 per month to every 18+ woman in Punjab if AAP comes to power  https://t.co/WJZ3WnvsXf,in,[],['https://www.republicworld.com/india-news/politics/kejriwal-promises-rs-1000-per-month-to-every-18-woman-in-punjab-if-aap-comes-to-power.html'],[],38,3,30,[],[],https://twitter.com/republic/status/1462732183320342528,False,,0,,,,,,,,[],,,,,aap
1462303451841454082,1462303451841454082,2021-11-21 11:44:45 IST,2021-11-21,11:44:45,530,811972460560019456,republic,Republic,,AAP &amp; RLD accuse BJP of 'doublespeak' as MPs claim 'Will pass same Farm laws again'  https://t.co/w4Pzz6hW7u,en,[],['https://www.republicworld.com/india-news/politics/aap-and-rld-accuse-bjp-of-doublespeak-as-mps-claim-will-pass-same-farm-laws-again.html'],[],5,4,18,[],[],https://twitter.com/republic/status/1462303451841454082,False,,0,,,,,,,,[],,,,,aap
1461350960328892430,1461350960328892430,2021-11-18 20:39:54 IST,2021-11-18,20:39:54,530,811972460560019456,republic,Republic,,AAP alleges BJP-Cong nexus over Kartarpur corridor; 'Only Channi &amp; co permitted to visit'  https://t.co/ozhkLx47iW,en,[],['https://www.republicworld.com/india-news/politics/aap-alleges-bjp-cong-nexus-over-kartarpur-corridor-only-channi-and-co-permitted-to-visit.html'],[],3,2,49,[],[],https://twitter.com/republic/status/1461350960328892430,False,,0,,,,,,,,[],,,,,aap
1460453086477135873,1460453086477135873,2021-11-16 09:12:04 IST,2021-11-16,09:12:04,530,811972460560019456,republic,Republic,,AAP counters Congress' anti-farmer jibe; asks 'Why penalise stubble burning in Punjab?'  https://t.co/EBIkJUn5CF,en,[],['https://www.republicworld.com/india-news/politics/aap-counters-congress-anti-farmer-jibe-asks-why-penalise-stubble-burning-in-punjab.html'],[],6,4,24,[],[],https://twitter.com/republic/status/1460453086477135873,False,,0,,,,,,,,[],,,,,aap
